id,display,community,num_conv,mean_depth_branches,mean_length_msgs,likesCom,likesOther,totalLikesCom,totalLikesOther,badWords,totalUpper,totalData,debatesCom,depthDebatesCom,debatesOther,dephDebatesOther,totalStartedConvs,totalStartedConvs,topicCreator,totalUsersComInteraction,totalUsersOtherInteraction
1302,sargentodiaz,1,0.4437012263099219,0.08714664808762201,0.13866412467578532,0.49373433583959897,0.14536340852130325,0.7758620689655172,0.09650639916983743,0.03508771929824561,0.17293233082706766,0.46365914786967416,0.020050125313283207,0.2908554769962805,0.010025062656641603,0.2777777777777778,0.6693766937669376,0.032388663967611336,0.6190476190476191,0.18518518518518517,0.16666666666666663
311,JustPassinThru,1,0.34448160535117056,0.36709803674010477,0.1364920225959769,0.4032258064516129,0.10967741935483871,0.75,0.12867519889311657,0.09032258064516129,0.012903225806451613,0.22580645161290322,0.13870967741935483,0.7846172748494902,0.03870967741935484,0.7089201877934271,0.018970189701897018,0.2857142857142857,0.02258064516129032,0.6296296296296297,0.6666666666666665
2451,Eighty,1,0.012263099219620958,0.14964572508266416,0.1657669396872673,0.5833333333333334,0.0,0.21551724137931033,0.03216879972327914,0.08333333333333333,0.0,0.6666666666666666,0.16666666666666666,0.2589998771347832,0.0,0.0,0.0027100271002710027,1.0,0.08333333333333333,0.05555555555555555,0.0
941,Crunch,1,0.4615384615384615,0.09368580494654327,0.08952669235002751,0.46987951807228917,0.18072289156626506,0.8879310344827586,0.19301279833967486,0.04578313253012048,0.13734939759036144,0.5975903614457831,0.163855421686747,0.26076396298523674,0.02891566265060241,0.2564102564102564,1.0,0.1842818428184282,0.8891566265060241,0.7592592592592592,0.5555555555555555
3979,Julia,1,0.004459308807134894,0.1041095890410959,0.11661392405063291,0.8,0.2,0.15517241379310345,0.03216879972327914,0.0,0.0,0.4,0.0,0.0,0.0,0.0,0.0027100271002710027,0.0,0.2,0.0,0.0
1262,Garden,1,0.3366778149386845,0.09311363885123475,0.4737192851824274,0.7062706270627063,0.18811881188118812,0.8189655172413793,0.06433759944655829,0.04950495049504951,0.0891089108910891,0.5610561056105611,0.0462046204620462,0.25595281975672685,0.0033003300330033004,0.40277777777777773,0.6612466124661247,0.05327868852459016,0.8052805280528053,0.2962962962962963,0.055555555555555546
36,patrickt,1,0.4894091415830546,0.18242318801412094,0.10726320713290184,0.33636363636363636,0.12045454545454545,0.6896551724137931,0.22518159806295399,0.015909090909090907,0.0,0.19772727272727272,0.05,0.25635026202342986,0.02727272727272727,0.24038461538461536,0.08943089430894309,0.18181818181818182,0.075,0.3148148148148148,0.611111111111111
37,Coolwalker,1,0.7146042363433668,0.1359224077592241,0.1773176027200852,0.5202492211838006,0.2118380062305296,0.8706896551724137,0.19301279833967486,0.04361370716510903,0.01557632398753894,0.30062305295950154,0.06542056074766354,0.2495539992628087,0.010903426791277258,0.23214285714285712,0.5420054200542005,0.095,0.3115264797507788,0.537037037037037,0.33333333333333326
2536,goodpen,1,0.2764771460423634,0.07859827970691302,0.10217292706056981,0.5140562248995983,0.18072289156626506,0.5948275862068966,0.09650639916983743,0.008032128514056224,0.0,0.21686746987951808,0.0,0.0,0.0,0.0,0.051490514905149054,0.0,0.07630522088353414,0.0,0.0
3691,What,1,0.10144927536231883,0.13033268101761253,0.06540438365474471,0.5,0.1956521739130435,0.45689655172413796,0.06433759944655829,0.0,0.010869565217391304,0.2717391304347826,0.021739130434782608,0.22852930335422042,0.06521739130434782,0.3208333333333333,0.024390243902439025,0.1111111111111111,0.09782608695652174,0.037037037037037035,0.27777777777777773
2435,mrclose,1,0.007803790412486064,0.09752193319993846,0.11919831223628691,0.75,0.375,0.25,0.03216879972327914,0.0,0.125,0.25,0.125,0.2742351640250645,0.0,0.0,0.016260162601626015,0.16666666666666666,0.75,0.037037037037037035,0.0
87,Libhater,1,0.14938684503901897,0.1811960837300185,0.082963852975022,0.6222222222222222,0.2740740740740741,0.6465517241379309,0.06433759944655829,0.022222222222222223,0.022222222222222223,0.2814814814814815,0.07407407407407407,0.38564319941024694,0.014814814814814815,0.6083333333333333,0.2140921409214092,0.11392405063291139,0.5851851851851851,0.16666666666666666,0.11111111111111109
1604,Montana,1,0.057971014492753624,0.24622009311838955,0.02510391082561874,0.6792452830188679,0.18867924528301888,0.4051724137931034,0.12867519889311657,0.0,0.09433962264150944,0.07547169811320754,0.03773584905660377,0.25138223368964246,0.0,0.0,0.06504065040650406,0.08333333333333333,0.4528301886792453,0.037037037037037035,0.0
807,Kurmugeon,1,0.36008918617614266,0.19467781318544886,0.13405709325096402,0.3950617283950617,0.1419753086419753,0.7155172413793103,0.12867519889311657,0.030864197530864196,0.0,0.3765432098765432,0.08333333333333333,0.3290821968300774,0.018518518518518517,0.3055555555555555,0.02710027100271003,0.5,0.030864197530864196,0.4814814814814814,0.33333333333333326
1766,Rebel,1,0.03901895206243033,0.09821397607074739,0.038409810126582275,0.5277777777777778,0.1111111111111111,0.25,0.06433759944655829,0.0,0.19444444444444445,0.19444444444444445,0.0,0.0,0.0,0.0,0.008130081300813007,0.0,0.08333333333333333,0.0,0.0
3709,Ray9,1,0.041248606465997775,0.16569863013698627,0.445547795722392,0.631578947368421,0.2894736842105263,0.4827586206896552,0.06433759944655829,0.05263157894736842,0.02631578947368421,0.6842105263157895,0.05263157894736842,0.20567637301879838,0.0,0.0,0.0975609756097561,0.05555555555555555,0.9473684210526315,0.037037037037037035,0.0
309,RMNIXON,1,1.0,0.12506724363569405,0.0898051413213109,0.6280623608017817,0.18262806236080179,0.9741379310344828,0.19301279833967486,0.025612472160356347,0.022271714922048998,0.14253897550111358,0.017817371937639197,0.3822671983379687,0.0022271714922048997,0.25,0.27371273712737126,0.10891089108910891,0.11247216035634744,0.37037037037037035,0.11111111111111109
3441,Molly,1,0.12820512820512822,0.15055019088255106,0.14440783769724294,0.5086206896551724,0.1810344827586207,0.7327586206896551,0.12867519889311657,0.0603448275862069,0.28448275862068967,0.49137931034482757,0.1724137931034483,0.31994102469590857,0.034482758620689655,0.2932692307692307,0.2005420054200542,0.1891891891891892,0.6379310344827587,0.4074074074074074,0.22222222222222218
2424,SharetheHedge,1,0.19843924191750278,0.1397260273972603,0.07821374215820928,0.5754189944134078,0.15083798882681565,0.6379310344827586,0.12867519889311657,0.03910614525139665,0.055865921787709494,0.2346368715083799,0.0670391061452514,0.23832341635511559,0.0111731843575419,0.2222222222222222,0.11382113821138211,0.16666666666666666,0.2346368715083799,0.2407407407407407,0.055555555555555546
540,Justoffal,1,0.0,0.029223744292237452,0.08386075949367089,0.0,0.0,0.05172413793103448,0.0,0.0,0.0,1.0,0.0,0.0,0.0,0.0,0.0027100271002710027,0.0,1.0,0.0,0.0
698,nonsqtr,1,0.7959866220735786,0.20643271856673234,0.08256991942888386,0.5048951048951049,0.0993006993006993,0.9051724137931035,0.19301279833967486,0.026573426573426574,0.011188811188811189,0.16783216783216784,0.05454545454545454,0.43784136983547234,0.01818181818181818,0.4380630630630631,0.2764227642276423,0.08823529411764706,0.14265734265734265,0.6666666666666666,0.7222222222222222
629,Rutabaga,0,0.7101449275362319,0.20879009938904458,0.03864996994088374,0.09090909090909091,0.6065830721003135,0.229064039408867,1.0,0.003134796238244514,0.08150470219435736,0.21630094043887146,0.050156739811912224,0.3463647253962403,0.06269592476489028,0.29166666666666663,0.013550135501355014,0.6,0.007836990595611285,0.7029478458049886,0.38052568697729977
3892,Ed,1,0.16833890746934227,0.15800449805765693,0.06672043540363494,0.3881578947368421,0.10526315789473684,0.43965517241379304,0.06433759944655829,0.03289473684210526,0.0,0.17763157894736842,0.046052631578947366,0.29962730884220007,0.013157894736842105,0.2708333333333333,0.016260162601626015,0.0,0.039473684210526314,0.14814814814814814,0.11111111111111109
2090,S,1,0.10813823857302117,0.13713281078309286,0.12211341087923366,0.5204081632653061,0.16326530612244897,0.5086206896551724,0.06433759944655829,0.01020408163265306,0.04081632653061224,0.37755102040816324,0.04081632653061224,0.2742351640250645,0.01020408163265306,0.20833333333333331,0.04878048780487805,0.0,0.1836734693877551,0.05555555555555555,0.055555555555555546
538,Karl,1,0.045707915273132664,0.19886401603742065,0.06387350562587904,0.19047619047619047,0.0,0.21551724137931033,0.09650639916983743,0.14285714285714285,0.023809523809523808,0.6190476190476191,0.2857142857142857,0.4051762783793746,0.023809523809523808,0.3333333333333333,0.08943089430894309,0.36363636363636365,0.7857142857142857,0.2037037037037037,0.055555555555555546
3385,Traddles,1,0.48829431438127086,0.13774208786017955,0.10564480367652987,0.5170842824601367,0.1776765375854214,0.8189655172413793,0.12867519889311657,0.02050113895216401,0.011389521640091117,0.3143507972665148,0.0387243735763098,0.2742351640250645,0.004555808656036446,0.35416666666666663,0.12195121951219512,0.06666666666666667,0.10250569476082004,0.3333333333333333,0.11111111111111109
30,Calypso,1,0.633221850613155,0.12105205479452058,0.10298885135553164,0.6274165202108963,0.2038664323374341,1.0,0.12867519889311657,0.028119507908611598,0.015817223198594025,0.23374340949033393,0.03690685413005272,0.2304337142155056,0.005272407732864675,0.29166666666666663,0.25203252032520324,0.10752688172043011,0.1634446397188049,0.2962962962962963,0.16666666666666663
2516,ChemEngineer,1,0.07357859531772575,0.07484974822675833,0.3579330304013848,0.34328358208955223,0.16417910447761194,0.5862068965517242,0.06433759944655829,0.07462686567164178,0.1044776119402985,0.582089552238806,0.04477611940298507,0.18282344268337633,0.0,0.0,0.08943089430894309,0.06060606060606061,0.4925373134328358,0.05555555555555555,0.0
378,memesofine,1,0.36343366778149383,0.13225263484993655,0.24326827785035363,0.5871559633027523,0.16819571865443425,0.7758620689655172,0.09650639916983743,0.04281345565749235,0.027522935779816515,0.41590214067278286,0.045871559633027525,0.3080177566948188,0.024464831804281346,0.2986111111111111,0.23306233062330622,0.09302325581395349,0.26299694189602446,0.2222222222222222,0.38888888888888884
3980,Gator,1,0.0379041248606466,0.11990330378726832,0.024170667830641642,0.11428571428571428,0.02857142857142857,0.07758620689655173,0.06433759944655829,0.05714285714285714,0.0,0.2571428571428571,0.08571428571428572,0.23995576852193143,0.0,0.0,0.0027100271002710027,1.0,0.02857142857142857,0.07407407407407407,0.0
35,Taxcutter,1,0.782608695652174,0.08828111971411556,0.10065178118465173,0.42816500711237554,0.16358463726884778,0.7844827586206896,0.16084399861639573,0.02702702702702703,0.001422475106685633,0.26884779516358465,0.01849217638691323,0.29861162304951466,0.007112375533428165,0.33928571428571425,0.5528455284552846,0.049019607843137254,0.2901849217638691,0.25925925925925924,0.27777777777777773
3561,Kris,1,0.48717948717948717,0.3320294210931719,0.03479436291123477,0.593607305936073,0.18949771689497716,0.8103448275862069,0.22518159806295399,0.01141552511415525,0.0593607305936073,0.182648401826484,0.07990867579908675,0.5142977219410867,0.0365296803652968,0.5455974842767295,0.024390243902439025,0.4444444444444444,0.02054794520547945,0.6666666666666666,0.7222222222222222
1703,Knightkore,0,0.25975473801560756,0.303680015273734,0.08138483535893015,0.13675213675213677,0.5598290598290598,0.13089373680506683,0.711864406779661,0.038461538461538464,0.1111111111111111,0.23076923076923078,0.03418803418803419,0.7312937707335053,0.13247863247863248,0.768560606060606,0.16802168021680217,0.1935483870967742,0.26495726495726496,0.492063492063492,0.3512544802867383
614,Sled,1,0.47045707915273133,0.2980754942076457,0.08321440390502192,0.3546099290780142,0.08747044917257683,0.7758620689655172,0.19301279833967486,0.1016548463356974,0.0,0.28368794326241137,0.10638297872340426,0.3890312791983473,0.03309692671394799,0.4297619047619048,0.04878048780487805,0.3333333333333333,0.0425531914893617,0.6481481481481481,0.5555555555555555
2900,Old,1,0.7246376811594203,0.10800831649881298,0.1292785902698653,0.533026113671275,0.12442396313364056,0.9310344827586208,0.12867519889311657,0.016897081413210446,0.0030721966205837174,0.35176651305683565,0.007680491551459293,0.24681164762255806,0.01228878648233487,0.2791666666666667,0.024390243902439025,0.1111111111111111,0.013824884792626729,0.09259259259259259,0.33333333333333326
3988,Sydney159,1,0.0,0.020231822971548963,0.05656645569620253,0.0,0.0,0.0,0.0,0.0,0.0,1.0,0.0,0.0,0.0,0.0,0.0027100271002710027,0.0,1.0,0.0,0.0
1649,RobertLafollet,0,0.3166109253065775,0.3027673327177359,0.08457314279168336,0.02456140350877193,0.010526315789473684,0.29451090781140044,0.0847457627118644,0.021052631578947368,0.021052631578947368,0.43157894736842106,0.08421052631578947,0.4433468485071876,0.22456140350877193,0.37694704049844235,0.037940379403794036,0.7142857142857143,0.04912280701754386,0.42176870748299317,0.4829749103942652
3972,Centrista,0,0.012263099219620958,0.19989041095890414,0.050419089976051996,0.08333333333333333,0.0,0.03272343420126671,0.00847457627118644,0.0,0.0,0.4166666666666667,0.25,0.32800676481429286,0.3333333333333333,0.25595238095238093,0.018970189701897018,0.5714285714285714,0.5833333333333334,0.07029478458049886,0.05854241338112306
554,Conservative,1,0.1850613154960981,0.17580389329488105,0.05659222076725351,0.5748502994011976,0.1377245508982036,0.6551724137931035,0.09650639916983743,0.023952095808383235,0.04790419161676647,0.1377245508982036,0.0658682634730539,0.33069534485375424,0.005988023952095809,0.29166666666666663,0.008130081300813007,0.0,0.017964071856287425,0.18518518518518517,0.055555555555555546
3503,Death,1,0.2664437012263099,0.1556852386510228,0.17444310407509006,0.4625,0.14583333333333334,0.6810344827586207,0.09650639916983743,0.03333333333333333,0.004166666666666667,0.29583333333333334,0.09583333333333334,0.2488430192079289,0.008333333333333333,0.22916666666666666,0.05962059620596206,0.18181818181818182,0.09166666666666666,0.38888888888888884,0.11111111111111109
1567,MrMike,1,0.16610925306577481,0.2904303209255046,0.037638822545975635,0.66,0.21333333333333335,0.6379310344827586,0.06433759944655829,0.02,0.06,0.07333333333333333,0.04,0.7038702543309989,0.013333333333333334,0.8859649122807017,0.01084010840108401,0.5,0.02666666666666667,0.12962962962962962,0.11111111111111109
2106,Frankenvoter,1,0.21516164994425865,0.1582505969586528,0.1640048720517257,0.5979381443298969,0.14432989690721648,0.7068965517241379,0.09650639916983743,0.015463917525773196,0.12371134020618557,0.3556701030927835,0.06701030927835051,0.4676061130170971,0.005154639175257732,0.3416666666666666,0.15718157181571815,0.08620689655172414,0.29896907216494845,0.2962962962962963,0.055555555555555546
3698,navigator2,1,0.14381270903010035,0.20301748626980626,0.03869601638123604,0.46923076923076923,0.19230769230769232,0.4051724137931034,0.06433759944655829,0.03076923076923077,0.09230769230769231,0.2,0.06153846153846154,0.3047057378056272,0.007692307692307693,0.29166666666666663,0.005420054200542005,0.0,0.015384615384615385,0.16666666666666666,0.055555555555555546
2938,JBG,1,0.0189520624303233,0.11158156911581574,0.27503723008190617,0.5,0.16666666666666666,0.1724137931034483,0.03216879972327914,0.05555555555555555,0.0,0.7222222222222222,0.16666666666666666,0.2742351640250645,0.0,0.0,0.04065040650406504,0.2,0.8333333333333334,0.07407407407407407,0.0
89,DonGlock26,1,0.16945373467112598,0.12097125051443353,0.09544095145360969,0.6274509803921569,0.09803921568627451,0.6810344827586207,0.16084399861639573,0.006535947712418301,0.30718954248366015,0.3464052287581699,0.0718954248366013,0.4899668263914486,0.0196078431372549,0.5367647058823529,0.21951219512195122,0.07407407407407407,0.5294117647058824,0.25925925925925924,0.16666666666666663
3857,El,1,0.08361204013377926,0.13063013698630138,0.035544303797468355,0.6973684210526315,0.17105263157894737,0.49137931034482757,0.09650639916983743,0.0,0.13157894736842105,0.13157894736842105,0.02631578947368421,0.20567637301879838,0.0,0.0,0.0027100271002710027,0.0,0.013157894736842105,0.037037037037037035,0.0
875,East,1,0.12486064659977704,0.10987743330930066,0.05320638731267277,0.5132743362831859,0.13274336283185842,0.5,0.06433759944655829,0.008849557522123894,0.02654867256637168,0.11504424778761062,0.035398230088495575,0.26509399189089566,0.017699115044247787,0.1875,0.04607046070460705,0.058823529411764705,0.1504424778761062,0.07407407407407407,0.11111111111111109
842,Freewill,1,0.3244147157190635,0.14651755668105648,0.09652496949103874,0.3904109589041096,0.08904109589041095,0.6551724137931035,0.12867519889311657,0.003424657534246575,0.0410958904109589,0.20205479452054795,0.0547945205479452,0.4182086251382234,0.00684931506849315,0.2361111111111111,0.14905149051490515,0.12727272727272726,0.18835616438356165,0.38888888888888884,0.11111111111111109
254,Dos,1,0.03678929765886288,0.13201854911785088,0.15428270042194092,0.5294117647058824,0.0,0.37068965517241376,0.09650639916983743,0.0,0.08823529411764706,0.47058823529411764,0.14705882352941177,0.23995576852193143,0.058823529411764705,0.2583333333333333,0.07046070460704607,0.23076923076923078,0.7647058823529411,0.1111111111111111,0.11111111111111109
706,Wehrwolfen,1,0.1426978818283166,0.1268391679350584,0.39021180599072564,0.6511627906976745,0.20155038759689922,0.6293103448275862,0.09650639916983743,0.08527131782945736,0.023255813953488372,0.8449612403100775,0.06976744186046512,0.2955645656714584,0.015503875968992248,0.3194444444444444,0.3143631436314363,0.07758620689655173,0.8992248062015504,0.18518518518518517,0.11111111111111109
156,teeceetx,1,0.6755852842809364,0.14302398178412723,0.08314306819326461,0.5996705107084019,0.13673805601317957,0.8448275862068965,0.09650639916983743,0.016474464579901153,0.006589785831960461,0.14332784184514002,0.019769357495881382,0.5537849630118551,0.006589785831960461,0.46527777777777773,0.04607046070460705,0.17647058823529413,0.02800658978583196,0.27777777777777773,0.22222222222222218
2165,Captain,1,0.0947603121516165,0.17568493150684933,0.029757472609296884,0.5232558139534884,0.12790697674418605,0.4827586206896552,0.06433759944655829,0.011627906976744186,0.046511627906976744,0.08139534883720931,0.05813953488372093,0.21329401646393906,0.0,0.0,0.008130081300813007,0.0,0.03488372093023256,0.07407407407407407,0.0
725,Taylor,0,0.027870680044593088,0.677708592777086,0.04011867088607595,0.11538461538461539,0.07692307692307693,0.13089373680506683,0.06779661016949153,0.0,0.0,0.3076923076923077,0.038461538461538464,0.22852930335422042,0.5769230769230769,0.5081967213114753,0.0027100271002710027,1.0,0.038461538461538464,0.07029478458049886,0.2048984468339307
201,Matt,1,0.027870680044593088,0.11942968968409284,0.06876031920748486,0.7307692307692307,0.07692307692307693,0.3189655172413793,0.06433759944655829,0.0,0.11538461538461539,0.3076923076923077,0.07692307692307693,0.24376459024450176,0.0,0.0,0.013550135501355014,0.2,0.19230769230769232,0.05555555555555555,0.0
3828,Lummy,1,0.07246376811594202,0.144196106705119,0.043137908061292474,0.45454545454545453,0.13636363636363635,0.25862068965517243,0.09650639916983743,0.07575757575757576,0.015151515151515152,0.24242424242424243,0.0,0.0,0.0,0.0,0.01084010840108401,0.0,0.06060606060606061,0.0,0.0
2734,QuaseMarco,1,0.22630992196209587,0.13203428320269578,0.0660870099545287,0.4264705882352941,0.1323529411764706,0.6896551724137931,0.09650639916983743,0.00980392156862745,0.06372549019607843,0.27450980392156865,0.058823529411764705,0.2958853085533591,0.014705882352941176,0.29166666666666663,0.14092140921409213,0.15384615384615385,0.2549019607843137,0.2222222222222222,0.16666666666666663
7,Trinnity,1,0.13043478260869565,0.2455316373124593,0.08420886075949367,0.6440677966101694,0.2033898305084746,0.6120689655172413,0.06433759944655829,0.00847457627118644,0.025423728813559324,0.1864406779661017,0.0423728813559322,0.6638232145051164,0.025423728813559324,0.41666666666666663,0.03252032520325203,0.0,0.1016949152542373,0.14814814814814814,0.16666666666666663
246,texmaster,1,0.017837235228539576,0.08182648401826487,0.039240506329113925,0.47058823529411764,0.23529411764705882,0.20689655172413793,0.06433759944655829,0.0,0.11764705882352941,0.17647058823529413,0.058823529411764705,0.18282344268337633,0.0,0.0,0.008130081300813007,0.3333333333333333,0.17647058823529413,0.018518518518518517,0.0
2101,Hillofbeans,1,0.29988851727982163,0.2208039395775116,0.0556665926419424,0.5111111111111111,0.13703703703703704,0.6293103448275862,0.12867519889311657,0.02962962962962963,0.03333333333333333,0.14074074074074075,0.06296296296296296,0.49595721153469113,0.018518518518518517,0.6553030303030303,0.07317073170731707,0.2222222222222222,0.1,0.4444444444444444,0.27777777777777773
3605,deorro,0,0.0,0.13656480505795576,0.5225474683544303,0.0,0.0,0.03272343420126671,0.0,0.0,1.0,1.0,1.0,0.2742351640250645,1.0,0.2361111111111111,0.0027100271002710027,1.0,1.0,0.1405895691609977,0.014635603345280765
596,Ginger,1,0.28205128205128205,0.22702235039653934,0.06049092271818788,0.5433070866141733,0.15354330708661418,0.7241379310344828,0.12867519889311657,0.023622047244094488,0.04330708661417323,0.12598425196850394,0.04330708661417323,0.3504115984764713,0.031496062992125984,0.2986111111111111,0.04607046070460705,0.11764705882352941,0.06692913385826772,0.2222222222222222,0.44444444444444436
3913,Chupacabra,0,0.002229654403567447,0.3386921685189972,0.1781645569620253,0.0,0.0,0.03272343420126671,0.01694915254237288,0.0,0.0,0.6666666666666666,0.3333333333333333,0.18282344268337633,0.0,0.0,0.0027100271002710027,1.0,0.3333333333333333,0.07029478458049886,0.0
9,pjohns,0,0.024526198439241916,0.12743962717130353,0.130954363757495,0.043478260869565216,0.34782608695652173,0.06544686840253341,0.1610169491525424,0.0,0.0,0.5652173913043478,0.0,0.0,0.0,0.0,0.02168021680216802,0.0,0.34782608695652173,0.0,0.0
1684,Kodiak,1,0.43032329988851725,0.2166747116296876,0.04245505889592124,0.6098191214470284,0.18604651162790697,0.8275862068965517,0.09650639916983743,0.012919896640826873,0.07751937984496124,0.17571059431524547,0.06718346253229975,0.33048853100456493,0.012919896640826873,0.3020833333333333,0.03252032520325203,0.16666666666666666,0.031007751937984496,0.4814814814814814,0.27777777777777773
1691,Dave37,1,0.09921962095875139,0.08838984953963624,0.04773919489109362,0.4777777777777778,0.17777777777777778,0.3189655172413793,0.06433759944655829,0.0,0.0,0.08888888888888889,0.022222222222222223,0.18282344268337633,0.0,0.0,0.005420054200542005,0.0,0.022222222222222223,0.037037037037037035,0.0
915,Virgil,1,0.03455964325529543,0.23013698630136992,0.04321598101265823,0.5625,0.125,0.2327586206896552,0.06433759944655829,0.0,0.03125,0.21875,0.21875,0.30165868042757094,0.03125,0.625,0.0027100271002710027,1.0,0.03125,0.12962962962962962,0.055555555555555546
3924,SnidelyPete,0,0.004459308807134894,0.263013698630137,0.07814021421616359,0.0,0.0,0.03272343420126671,0.0,0.0,0.0,0.2,0.2,0.22852930335422042,0.2,0.25,0.0027100271002710027,0.0,0.2,0.07029478458049886,0.014635603345280765
3620,Pork,1,0.06577480490523968,0.16594911937377693,0.17962844913942264,0.7333333333333333,0.16666666666666666,0.44827586206896547,0.06433759944655829,0.0,0.016666666666666666,0.3333333333333333,0.1,0.29533017664237715,0.06666666666666667,0.2552083333333333,0.016260162601626015,0.3333333333333333,0.1,0.18518518518518517,0.16666666666666663
1661,HawkTheSlayer,1,0.27982162764771457,0.19404756592744637,0.07109797579880667,0.6865079365079365,0.2261904761904762,0.75,0.06433759944655829,0.03571428571428571,0.06349206349206349,0.18253968253968253,0.07936507936507936,0.4418233198181594,0.01984126984126984,0.5694444444444444,0.04878048780487805,0.3333333333333333,0.07142857142857142,0.4074074074074074,0.27777777777777773
1644,potlatch,1,0.07803790412486064,0.21228009178777557,0.1035797907368113,0.5774647887323944,0.15492957746478872,0.5258620689655172,0.06433759944655829,0.0,0.08450704225352113,0.36619718309859156,0.2676056338028169,0.2904533726502027,0.014084507042253521,0.20833333333333331,0.02168021680216802,0.25,0.11267605633802817,0.3148148148148148,0.055555555555555546
3821,DLLS,1,0.1560758082497213,0.11236025822705087,0.06450192625206384,0.48936170212765956,0.11347517730496454,0.5172413793103449,0.06433759944655829,0.028368794326241134,0.0,0.09929078014184398,0.028368794326241134,0.30165868042757094,0.0070921985815602835,0.20833333333333331,0.005420054200542005,0.5,0.014184397163120567,0.09259259259259259,0.055555555555555546
3703,MisterVeritis,1,0.2129319955406912,0.5670061099796334,0.04363339433684103,0.4166666666666667,0.09375,0.6293103448275862,0.16084399861639573,0.015625,0.005208333333333333,0.13541666666666666,0.15625,0.7621288250616824,0.052083333333333336,0.71875,0.01084010840108401,0.75,0.020833333333333332,0.6666666666666666,0.5555555555555555
740,Dr,1,0.2608695652173913,0.2455170791933683,0.06588839147885149,0.4808510638297872,0.19574468085106383,0.7068965517241379,0.16084399861639573,0.00851063829787234,0.00851063829787234,0.251063829787234,0.08085106382978724,0.371951142011007,0.03404255319148936,0.3101851851851852,0.008130081300813007,0.3333333333333333,0.01276595744680851,0.3333333333333333,0.38888888888888884
1801,Iron,1,0.10367892976588629,0.4422043291854021,0.081301191362621,0.5212765957446809,0.10638297872340426,0.43965517241379304,0.09650639916983743,0.02127659574468085,0.0425531914893617,0.26595744680851063,0.06382978723404255,0.6230921413902826,0.0425531914893617,0.5399305555555556,0.005420054200542005,0.5,0.02127659574468085,0.27777777777777773,0.22222222222222218
2097,JMWinPR,1,0.13377926421404682,0.21205479452054793,0.04036341363821968,0.4049586776859504,0.1322314049586777,0.45689655172413796,0.09650639916983743,0.008264462809917356,0.008264462809917356,0.2644628099173554,0.05785123966942149,0.5210468116476226,0.008264462809917356,1.0,0.008130081300813007,0.3333333333333333,0.024793388429752067,0.1111111111111111,0.055555555555555546
1087,Daily,1,0.32998885172798215,0.14927804516845616,0.07458285385500575,0.632996632996633,0.13131313131313133,0.7758620689655172,0.09650639916983743,0.026936026936026935,0.013468013468013467,0.15824915824915825,0.026936026936026935,0.23767047548838924,0.016835016835016835,0.25,0.005420054200542005,0.5,0.006734006734006734,0.12962962962962962,0.27777777777777773
1607,MedicineBow,1,0.04793756967670011,0.41081343193114317,0.05085115670013095,0.6136363636363636,0.22727272727272727,0.2672413793103448,0.06433759944655829,0.0,0.022727272727272728,0.06818181818181818,0.045454545454545456,0.3747880575009214,0.045454545454545456,0.3912037037037037,0.01084010840108401,0.0,0.09090909090909091,0.05555555555555555,0.11111111111111109
3614,Chester,1,0.00668896321070234,0.21456380677721704,0.2674050632911392,0.5714285714285714,0.14285714285714285,0.08620689655172414,0.03216879972327914,0.2857142857142857,0.0,0.14285714285714285,0.0,0.0,0.0,0.0,0.0027100271002710027,0.0,0.14285714285714285,0.0,0.0
1815,John,1,0.007803790412486064,0.4448848732148062,0.037084651898734174,0.375,0.125,0.12931034482758622,0.03216879972327914,0.125,0.125,0.5,0.375,0.35422042019904165,0.25,0.4583333333333333,0.0027100271002710027,1.0,0.125,0.1111111111111111,0.11111111111111109
592,DeadEye,1,0.14492753623188406,0.1864400901681984,0.05203104539502401,0.549618320610687,0.19083969465648856,0.5172413793103449,0.09650639916983743,0.0,0.04580152671755725,0.10687022900763359,0.09923664122137404,0.2461084805353143,0.015267175572519083,0.3333333333333333,0.0027100271002710027,0.0,0.007633587786259542,0.18518518518518517,0.11111111111111109
2390,Joe,1,0.13935340022296544,0.21664910432033724,0.12234008999537406,0.42063492063492064,0.07142857142857142,0.39655172413793105,0.16084399861639573,0.05555555555555555,0.007936507936507936,0.4126984126984127,0.1746031746031746,0.30962034647991155,0.015873015873015872,0.22916666666666666,0.01084010840108401,0.75,0.031746031746031744,0.35185185185185186,0.11111111111111109
3813,Shane,1,0.05239687848383501,0.26134905496792094,0.04754846979650697,0.22916666666666666,0.0625,0.25862068965517243,0.09650639916983743,0.020833333333333332,0.020833333333333332,0.3333333333333333,0.041666666666666664,0.39992628086988574,0.041666666666666664,0.3,0.0027100271002710027,0.0,0.020833333333333332,0.05555555555555555,0.11111111111111109
2036,Stonewall,1,0.017837235228539576,0.1951391957578436,0.2013329497506713,0.23529411764705882,0.23529411764705882,0.0603448275862069,0.09650639916983743,0.0,0.0,0.35294117647058826,0.11764705882352941,0.36564688536675266,0.0,0.0,0.005420054200542005,0.0,0.11764705882352941,0.07407407407407407,0.0
3187,kazenatsu,0,0.004459308807134894,0.11357409713574101,0.22274964838255976,0.2,0.2,0.06544686840253341,0.06779661016949153,0.0,0.2,0.6,0.0,0.0,0.0,0.0,0.005420054200542005,0.0,0.4,0.0,0.0
2760,MrogersNhood,1,0.07803790412486064,0.2439798125450613,0.03852547668642845,0.36619718309859156,0.04225352112676056,0.37931034482758624,0.06433759944655829,0.0,0.028169014084507043,0.323943661971831,0.16901408450704225,0.32715773953867344,0.04225352112676056,0.3194444444444444,0.0027100271002710027,0.0,0.014084507042253521,0.25925925925925924,0.16666666666666663
3493,fmw,1,0.14715719063545152,0.1788172402271968,0.03401345489953085,0.2556390977443609,0.14285714285714285,0.27586206896551724,0.12867519889311657,0.0,0.007518796992481203,0.06015037593984962,0.007518796992481203,0.2742351640250645,0.0,0.0,0.0027100271002710027,1.0,0.007518796992481203,0.018518518518518517,0.0
1794,Quark,1,0.399108138238573,0.21363433408940724,0.056275334234106106,0.3788300835654596,0.15041782729805014,0.7672413793103449,0.19301279833967486,0.019498607242339833,0.025069637883008356,0.14484679665738162,0.0947075208913649,0.3025292682498727,0.03064066852367688,0.3181818181818182,0.005420054200542005,0.0,0.005571030640668524,0.5925925925925926,0.611111111111111
610,Swedgin,1,0.5975473801560758,0.1962769226566875,0.08928249222740396,0.5567970204841713,0.2122905027932961,0.8793103448275861,0.12867519889311657,0.0297951582867784,0.00931098696461825,0.20670391061452514,0.0335195530726257,0.34112178939703147,0.01675977653631285,0.31,0.005420054200542005,0.0,0.0037243947858473,0.2962962962962963,0.44444444444444436
2628,Big,1,0.3366778149386845,0.13830892772791692,0.08343089192946514,0.636963696369637,0.18811881188118812,0.6551724137931035,0.12867519889311657,0.013201320132013201,0.009900990099009901,0.15181518151815182,0.0165016501650165,0.2742351640250645,0.0,0.0,0.037940379403794036,0.07142857142857142,0.0462046204620462,0.07407407407407407,0.0
3243,Louise,1,0.23745819397993312,0.1559732398853138,0.22688704066419155,0.5887850467289719,0.12149532710280374,0.7241379310344828,0.16084399861639573,0.02336448598130841,0.03271028037383177,0.43457943925233644,0.06074766355140187,0.2680025466608585,0.04672897196261682,0.3026315789473684,0.11382113821138211,0.16666666666666666,0.19626168224299065,0.27777777777777773,0.49999999999999994
2949,Beachcomber,1,0.044593088071348944,0.11824565442615403,0.08218540580789277,0.5365853658536586,0.17073170731707318,0.2931034482758621,0.06433759944655829,0.0,0.07317073170731707,0.14634146341463414,0.0,0.0,0.0,0.0,0.02168021680216802,0.0,0.1951219512195122,0.0,0.0
2082,Madison,1,0.06020066889632107,0.09564134495641341,0.02901457168089491,0.5818181818181818,0.12727272727272726,0.37931034482758624,0.06433759944655829,0.0,0.2,0.14545454545454545,0.03636363636363636,0.20567637301879838,0.0,0.0,0.01084010840108401,0.0,0.07272727272727272,0.037037037037037035,0.0
2404,excalibur,1,0.02564102564102564,0.03709167544783981,0.17139466546112114,0.6666666666666666,0.20833333333333334,0.19827586206896552,0.06433759944655829,0.0,0.0,0.4166666666666667,0.0,0.0,0.0,0.0,0.008130081300813007,0.0,0.125,0.0,0.0
27,philly,1,0.0,0.0,1.0,1.0,0.0,0.008620689655172414,0.0,0.0,0.0,1.0,0.0,0.0,0.0,0.0,0.0027100271002710027,0.0,1.0,0.0,0.0
2007,Retiredat50,1,0.4659977703455964,0.3158655717648804,0.0752059473578461,0.7183770883054893,0.1575178997613365,0.9137931034482759,0.19301279833967486,0.00954653937947494,0.02386634844868735,0.13126491646778043,0.07875894988066826,0.8413371805015248,0.016706443914081145,0.8918650793650793,0.01084010840108401,0.25,0.00954653937947494,0.574074074074074,0.38888888888888884
54,Canadianeye,1,0.20847268673355632,0.2600345790663653,0.12432690375728349,0.5691489361702128,0.10638297872340426,0.6379310344827586,0.09650639916983743,0.010638297872340425,0.005319148936170213,0.3351063829787234,0.09574468085106383,0.4147383653465482,0.010638297872340425,0.6726190476190476,0.0027100271002710027,0.0,0.005319148936170213,0.38888888888888884,0.11111111111111109
3398,Morning,1,0.020066889632107024,0.14750092558311734,0.06542721518987342,0.5789473684210527,0.2631578947368421,0.25,0.06433759944655829,0.0,0.05263157894736842,0.21052631578947367,0.0,0.0,0.05263157894736842,0.20833333333333331,0.0027100271002710027,0.0,0.05263157894736842,0.0,0.055555555555555546
2418,BobtheSlob,0,0.004459308807134894,0.17246799910172922,0.0916504381694255,0.0,0.0,0.03272343420126671,0.0,0.0,0.0,0.4,0.0,0.0,0.2,0.26785714285714285,0.005420054200542005,0.0,0.4,0.0,0.014635603345280765
3092,Don29palms,1,0.13823857302118173,0.4354899894625922,0.03286823935558113,0.4,0.088,0.45689655172413796,0.09650639916983743,0.008,0.008,0.072,0.08,0.49545152967194983,0.056,0.4186507936507936,0.0027100271002710027,1.0,0.008,0.27777777777777773,0.27777777777777773
3041,valley,1,0.04013377926421405,0.03729298711919854,0.06082182585347142,0.32432432432432434,0.10810810810810811,0.22413793103448273,0.09650639916983743,0.05405405405405406,0.08108108108108109,0.10810810810810811,0.0,0.0,0.0,0.0,0.01084010840108401,0.0,0.10810810810810811,0.0,0.0
2394,franky67,1,0.002229654403567447,0.1315068493150685,0.055907172995780595,0.3333333333333333,0.0,0.008620689655172414,0.0,0.0,0.0,0.0,0.0,0.0,0.0,0.0,0.0027100271002710027,0.0,0.3333333333333333,0.0,0.0
2361,Stan,1,0.08695652173913043,0.20476234255769055,0.49349803212424215,0.4810126582278481,0.08860759493670886,0.4827586206896552,0.09650639916983743,0.16455696202531644,0.11392405063291139,0.6582278481012658,0.012658227848101266,0.31994102469590857,0.0,0.0,0.005420054200542005,0.0,0.02531645569620253,0.018518518518518517,0.0
632,Old,1,0.0189520624303233,0.06575342465753425,0.04289732770745429,0.5555555555555556,0.16666666666666666,0.16379310344827588,0.09650639916983743,0.0,0.0,0.2777777777777778,0.0,0.0,0.0,0.0,0.0027100271002710027,0.0,0.05555555555555555,0.0,0.0
1950,Tennyson,1,0.0758082497212932,0.3423193558506745,0.08232124529592884,0.4057971014492754,0.2608695652173913,0.5086206896551724,0.12867519889311657,0.014492753623188406,0.07246376811594203,0.36231884057971014,0.2028985507246377,0.41135274603759675,0.07246376811594203,0.425595238095238,0.0027100271002710027,0.0,0.014492753623188406,0.3148148148148148,0.27777777777777773
1211,Rickity,1,0.22630992196209587,0.22110492247478547,0.0509466776634274,0.38235294117647056,0.13725490196078433,0.560344827586207,0.06433759944655829,0.014705882352941176,0.024509803921568627,0.19607843137254902,0.1323529411764706,0.26357046320186756,0.0196078431372549,0.2847222222222222,0.01084010840108401,0.25,0.0196078431372549,0.4259259259259259,0.22222222222222218
2204,TBO,0,0.0,0.09863013698630141,0.7151898734177216,1.0,1.0,0.03272343420126671,0.0423728813559322,0.0,0.0,1.0,0.0,0.0,0.0,0.0,0.0027100271002710027,0.0,1.0,0.0,0.0
114,usfan,1,0.02564102564102564,0.1897455968688846,0.14318323303589955,0.5833333333333334,0.20833333333333334,0.22413793103448273,0.03216879972327914,0.041666666666666664,0.08333333333333333,0.20833333333333334,0.125,0.31079985256173975,0.0,0.0,0.005420054200542005,1.0,0.08333333333333333,0.12962962962962962,0.0
3348,Sundance,1,0.0033444816053511705,0.09393346379647755,0.07009493670886076,0.25,0.0,0.09482758620689656,0.06433759944655829,0.0,0.25,0.25,0.0,0.0,0.25,0.16666666666666666,0.008130081300813007,0.3333333333333333,0.75,0.0,0.055555555555555546
2555,JerryAL,0,0.0,0.4842546333601935,0.06365074798619103,0.0,0.0,0.03272343420126671,0.00847457627118644,0.0,0.0,1.0,1.0,0.3884998157021747,1.0,0.34404761904761905,0.0027100271002710027,1.0,1.0,0.07029478458049886,0.014635603345280765
3673,Oberon,1,0.0379041248606466,0.14078968573730866,0.11126398825903504,0.5428571428571428,0.17142857142857143,0.2413793103448276,0.06433759944655829,0.02857142857142857,0.0,0.37142857142857144,0.05714285714285714,0.22852930335422042,0.02857142857142857,0.25,0.0027100271002710027,1.0,0.02857142857142857,0.037037037037037035,0.055555555555555546
91,Archer,1,0.0011148272017837235,0.0328767123287671,0.8868670886075949,0.5,0.0,0.02586206896551724,0.0,0.5,0.0,1.0,0.0,0.0,0.0,0.0,0.0027100271002710027,0.0,0.5,0.0,0.0
2205,OldSchool,1,0.06354515050167224,0.2132198430642373,0.04771741678387248,0.5344827586206896,0.10344827586206896,0.3620689655172414,0.03216879972327914,0.0,0.05172413793103448,0.15517241379310345,0.1206896551724138,0.30622926649465537,0.034482758620689655,0.29166666666666663,0.0027100271002710027,0.0,0.017241379310344827,0.12962962962962962,0.11111111111111109
3659,chick,0,0.0011148272017837235,0.07364383561643839,0.03639240506329114,0.5,0.0,0.03272343420126671,0.0,0.0,0.0,0.0,0.0,0.0,0.0,0.0,0.005420054200542005,0.0,1.0,0.0,0.0
3658,was,1,0.0,0.06575342465753425,0.03481012658227848,1.0,0.0,0.008620689655172414,0.0,0.0,0.0,0.0,0.0,0.0,0.0,0.0,0.0027100271002710027,0.0,1.0,0.0,0.0
3643,Thing,1,0.09810479375696766,0.5347945205479452,0.03866970306400094,0.4157303370786517,0.20224719101123595,0.32758620689655177,0.12867519889311657,0.011235955056179775,0.033707865168539325,0.24719101123595505,0.14606741573033707,0.9598230740877257,0.07865168539325842,0.8498062015503876,0.0027100271002710027,0.0,0.011235955056179775,0.3333333333333333,0.33333333333333326
3333,RGV,0,0.05128205128205129,0.30791847644503845,0.05592574433945444,0.0425531914893617,0.0425531914893617,0.13089373680506683,0.05084745762711864,0.0,0.02127659574468085,0.3404255319148936,0.0851063829787234,0.45705860670844084,0.2978723404255319,0.28125,0.0027100271002710027,1.0,0.02127659574468085,0.2811791383219954,0.1609916367980884
3454,CWF,1,0.008918617614269788,0.10863609291244791,0.29377637130801687,0.5555555555555556,0.1111111111111111,0.07758620689655173,0.03216879972327914,0.1111111111111111,0.0,0.0,0.0,0.0,0.0,0.0,0.0027100271002710027,0.0,0.1111111111111111,0.0,0.0
2929,dinosaur,1,0.3913043478260869,0.09885897721132758,0.11250897168210883,0.6278409090909091,0.1590909090909091,0.6551724137931035,0.09650639916983743,0.005681818181818182,0.005681818181818182,0.2215909090909091,0.011363636363636364,0.36564688536675266,0.002840909090909091,0.20833333333333331,0.0027100271002710027,0.0,0.002840909090909091,0.09259259259259259,0.055555555555555546
2095,Slayer98_l,1,0.045707915273132664,0.3117325573142169,0.15156836834052023,0.6190476190476191,0.07142857142857142,0.37931034482758624,0.06433759944655829,0.0,0.07142857142857142,0.5238095238095238,0.11904761904761904,0.45224746347993094,0.07142857142857142,0.3583333333333333,0.07046070460704607,0.15384615384615385,0.6190476190476191,0.16666666666666666,0.16666666666666663
1578,Rita,1,0.5451505016722409,0.3617758706057105,0.0344517768606487,0.6530612244897959,0.20612244897959184,0.9741379310344828,0.16084399861639573,0.00816326530612245,0.03877551020408163,0.12653061224489795,0.12448979591836734,0.7244689137102571,0.04081632653061224,0.6590038314176245,0.0027100271002710027,1.0,0.0020408163265306124,1.0,0.9999999999999999
3269,Flanders,1,0.0,0.023910336239103325,0.12183544303797468,0.0,0.0,0.0,0.0,0.0,0.0,0.0,0.0,0.0,0.0,0.0,0.0027100271002710027,0.0,1.0,0.0,0.0
1595,Iron,1,0.13377926421404682,0.07165437302423605,0.10523266179354608,0.34710743801652894,0.10743801652892562,0.3017241379310345,0.06433759944655829,0.01652892561983471,0.0,0.17355371900826447,0.008264462809917356,0.31994102469590857,0.0,0.0,0.0027100271002710027,0.0,0.008264462809917356,0.018518518518518517,0.0
3437,Mr,1,0.002229654403567447,0.3425672247590056,0.18789556962025317,0.6666666666666666,0.3333333333333333,0.1206896551724138,0.03216879972327914,0.0,0.0,0.6666666666666666,0.3333333333333333,0.397442266702992,0.3333333333333333,0.25,0.008130081300813007,0.3333333333333333,1.0,0.1111111111111111,0.055555555555555546
3562,rkdelka,1,0.0,0.01643835616438355,0.014240506329113924,0.0,0.0,0.008620689655172414,0.0,0.0,0.0,0.0,0.0,0.0,0.0,0.0,0.0027100271002710027,0.0,1.0,0.0,0.0
2212,Big,1,0.023411371237458192,0.1673723536737236,0.04050632911392405,0.5,0.18181818181818182,0.2327586206896552,0.06433759944655829,0.045454545454545456,0.13636363636363635,0.13636363636363635,0.045454545454545456,0.22852930335422042,0.0,0.0,0.0027100271002710027,0.0,0.045454545454545456,0.018518518518518517,0.0
1648,zeke501,1,0.002229654403567447,0.0,0.024789029535864978,0.3333333333333333,0.3333333333333333,0.017241379310344827,0.03216879972327914,0.0,0.0,0.0,0.0,0.0,0.0,0.0,0.0027100271002710027,0.0,0.3333333333333333,0.0,0.0
15,Roadmaster,1,0.05128205128205129,0.23671232876712328,0.050704833141542005,0.425531914893617,0.14893617021276595,0.21551724137931033,0.06433759944655829,0.0,0.0425531914893617,0.19148936170212766,0.1276595744680851,0.31994102469590857,0.0,0.0,0.0027100271002710027,1.0,0.02127659574468085,0.09259259259259259,0.0
1993,msc,1,0.04347826086956522,0.8591780821917809,0.17447514665020067,0.35,0.075,0.3189655172413793,0.06433759944655829,0.075,0.05,0.25,0.075,1.0,0.05,0.873062015503876,0.0,0.0,0.0,0.14814814814814814,0.11111111111111109
45,Dan40,1,0.2887402452619844,0.3042154153683345,0.06944419038560036,0.4153846153846154,0.08461538461538462,0.7844827586206896,0.09650639916983743,0.015384615384615385,0.05,0.4307692307692308,0.10384615384615385,0.3904586383023537,0.08461538461538462,0.38029100529100524,0.0,0.0,0.0,0.4259259259259259,0.8888888888888887
2282,justapirate,1,0.004459308807134894,0.06575342465753425,0.1468354430379747,0.4,0.2,0.034482758620689655,0.03216879972327914,0.0,0.0,0.0,0.0,0.0,0.0,0.0,0.0,0.0,0.0,0.0,0.0
2422,tiny1,1,0.05239687848383501,0.3214611872146119,0.1913812360387193,0.6041666666666666,0.16666666666666666,0.39655172413793105,0.09650639916983743,0.10416666666666667,0.0,0.4166666666666667,0.14583333333333334,0.31232338125076786,0.041666666666666664,0.3472222222222222,0.0,0.0,0.0,0.12962962962962962,0.11111111111111109
2953,Mr,0,0.005574136008918618,0.34191780821917805,0.05999472573839662,0.16666666666666666,0.0,0.06544686840253341,0.01694915254237288,0.0,0.0,0.16666666666666666,0.0,0.0,0.3333333333333333,0.20833333333333331,0.0,0.0,0.0,0.0,0.02927120669056153
3997,Jeb!,1,0.0011148272017837235,0.1643835616438356,0.0938818565400844,0.0,0.0,0.0,0.0,0.0,0.0,1.0,0.0,0.0,0.0,0.0,0.0,0.0,0.0,0.0,0.0
1369,NORAD,1,0.14381270903010035,0.42072662298987495,0.050089380616484686,0.4307692307692308,0.12307692307692308,0.37931034482758624,0.09650639916983743,0.0,0.06923076923076923,0.25384615384615383,0.07692307692307693,0.6782749723553262,0.05384615384615385,0.7528735632183908,0.0,0.0,0.0,0.16666666666666666,0.38888888888888884
1602,Northern,1,0.15496098104793757,0.21604696673189827,0.04521610217812749,0.5214285714285715,0.11428571428571428,0.5086206896551724,0.09650639916983743,0.007142857142857143,0.03571428571428571,0.15714285714285714,0.02142857142857143,0.3504115984764713,0.007142857142857143,0.3055555555555555,0.0,0.0,0.0,0.05555555555555555,0.055555555555555546
3302,Capt,0,0.023411371237458192,0.5532910123621785,0.03958521699819168,0.18181818181818182,0.09090909090909091,0.16361717100633358,0.03389830508474576,0.045454545454545456,0.13636363636363635,0.3181818181818182,0.13636363636363635,0.4616291927755252,0.36363636363636365,0.405,0.0,0.0,0.0,0.21088435374149658,0.11708482676224612
328,Katzndogz,1,0.2274247491638796,0.19825956614065043,0.05671188570364855,0.5414634146341464,0.18048780487804877,0.5344827586206896,0.06433759944655829,0.004878048780487805,0.0,0.08292682926829269,0.014634146341463415,0.42277921120530776,0.00975609756097561,0.3125,0.0,0.0,0.0,0.12962962962962962,0.11111111111111109
3825,Isabella,1,0.013377926421404682,0.1232876712328767,0.08587456846950518,0.46153846153846156,0.15384615384615385,0.27586206896551724,0.06433759944655829,0.23076923076923078,0.0,0.15384615384615385,0.0,0.0,0.0,0.0,0.0,0.0,0.0,0.0,0.0
534,Jim,1,0.27424749163879597,0.1457568175071038,0.2206856164692103,0.8785425101214575,0.3481781376518219,0.8793103448275861,0.09650639916983743,0.020242914979757085,0.0,0.41700404858299595,0.016194331983805668,0.2742351640250645,0.0,0.0,0.0,0.0,0.0,0.07407407407407407,0.0
1569,Jen,1,0.2709030100334448,0.23436864234368643,0.05311386260292491,0.5983606557377049,0.15163934426229508,0.7241379310344828,0.09650639916983743,0.01639344262295082,0.02459016393442623,0.09016393442622951,0.12295081967213115,0.34487149415273266,0.020491803278688523,0.38541666666666663,0.0,0.0,0.0,0.4444444444444444,0.27777777777777773
3922,lecarrjan,1,0.004459308807134894,0.21519302615193026,0.1981012658227848,0.0,0.0,0.0,0.0,0.0,0.0,0.2,0.0,0.0,0.0,0.0,0.0,0.0,0.0,0.0,0.0
2922,ruthless,1,0.2408026755852843,0.21316453192225904,0.03812823799604764,0.5576036866359447,0.14285714285714285,0.5862068965517242,0.06433759944655829,0.013824884792626729,0.018433179723502304,0.12903225806451613,0.013824884792626729,0.6964702578414336,0.0,0.0,0.0,0.0,0.0,0.09259259259259259,0.0
1259,OverDrive,1,0.10479375696767,0.1633327078251079,0.02834081076750521,0.35789473684210527,0.10526315789473684,0.3448275862068966,0.09650639916983743,0.09473684210526316,0.042105263157894736,0.21052631578947367,0.10526315789473684,0.2770917803169923,0.021052631578947368,0.25,0.0,0.0,0.0,0.14814814814814814,0.11111111111111109
3861,Brat,1,0.0189520624303233,0.304109589041096,0.029272151898734177,0.6111111111111112,0.2777777777777778,0.15517241379310345,0.06433759944655829,0.05555555555555555,0.1111111111111111,0.1111111111111111,0.05555555555555555,0.5027644673792849,0.0,0.0,0.0,0.0,0.0,0.037037037037037035,0.0
17,Mainecoons,1,0.0379041248606466,0.11178082191780825,0.0357331223628692,0.6571428571428571,0.2,0.28448275862068967,0.06433759944655829,0.02857142857142857,0.0,0.08571428571428572,0.0,0.0,0.0,0.0,0.0,0.0,0.0,0.0,0.0
341,GreenEyedLady,1,0.023411371237458192,0.17168949771689496,0.033106134371957155,0.8636363636363636,0.2727272727272727,0.2931034482758621,0.06433759944655829,0.045454545454545456,0.0,0.045454545454545456,0.0,0.0,0.0,0.0,0.0,0.0,0.0,0.0,0.0
3842,Captdon,1,0.0011148272017837235,0.06575342465753425,0.04588607594936709,1.0,0.5,0.05172413793103448,0.03216879972327914,0.0,0.0,0.0,0.0,0.0,0.0,0.0,0.0,0.0,0.0,0.0,0.0
315,2cent,1,0.36454849498327757,0.2857237167849481,0.08863311555737036,0.49390243902439024,0.08536585365853659,0.75,0.19301279833967486,0.027439024390243903,0.021341463414634148,0.23780487804878048,0.17682926829268292,0.35549002743989844,0.012195121951219513,0.3939393939393939,0.0,0.0,0.0,0.8333333333333333,0.22222222222222218
3958,JohnJohn,1,0.007803790412486064,0.049315068493150704,0.03144778481012658,0.625,0.25,0.05172413793103448,0.06433759944655829,0.0,0.125,0.125,0.0,0.0,0.0,0.0,0.0,0.0,0.0,0.0,0.0
3494,frankmusic,1,0.29988851727982163,0.03780821917808219,0.060156249999999994,0.562962962962963,0.2,0.5689655172413793,0.06433759944655829,0.018518518518518517,0.03333333333333333,0.09259259259259259,0.0,0.0,0.003703703703703704,0.16666666666666666,0.0,0.0,0.0,0.0,0.055555555555555546
2259,Ill,1,0.06354515050167224,0.07286190299888928,0.11387681843944834,0.5862068965517241,0.13793103448275862,0.3103448275862069,0.06433759944655829,0.0,0.0,0.1206896551724138,0.0,0.0,0.0,0.0,0.0,0.0,0.0,0.0,0.0
897,Robert,0,0.014492753623188404,0.1596868884540118,0.040400843881856545,0.0,0.2857142857142857,0.0,0.059322033898305086,0.0,0.0,0.21428571428571427,0.0,0.0,0.0,0.0,0.0,0.0,0.0,0.0,0.0
1,ADMIN,1,0.0,0.6575342465753425,0.02531645569620253,1.0,0.0,0.008620689655172414,0.0,0.0,0.0,0.0,0.0,0.0,0.0,0.0,0.0,0.0,0.0,0.0,0.0
2957,AlphaOmega,1,0.011148272017837234,0.6872293415819709,0.044171940928270044,0.6363636363636364,0.36363636363636365,0.07758620689655173,0.06433759944655829,0.0,0.0,0.0,0.09090909090909091,0.4875291804890035,0.09090909090909091,0.5113636363636364,0.0,0.0,0.0,0.05555555555555555,0.055555555555555546
453,HAMARTIA,1,0.0011148272017837235,0.19726027397260276,0.10284810126582278,0.5,0.0,0.034482758620689655,0.0,0.0,0.0,0.5,0.0,0.0,0.0,0.0,0.0,0.0,0.0,0.0,0.0
3970,Agman,1,0.0033444816053511705,0.0328767123287671,0.04865506329113924,0.25,0.0,0.017241379310344827,0.0,0.0,0.25,0.25,0.0,0.0,0.0,0.0,0.0,0.0,0.0,0.0,0.0
1295,FirstGenCanadian,1,0.055741360089186176,0.3481063658340049,0.07053060516733137,0.43137254901960786,0.11764705882352941,0.27586206896551724,0.03216879972327914,0.0,0.0196078431372549,0.11764705882352941,0.0392156862745098,0.6170291190563951,0.0784313725490196,0.42261904761904756,0.0,0.0,0.0,0.05555555555555555,0.22222222222222218
2092,Wiser,1,0.08807134894091416,0.13995224330777933,0.0595942269016917,0.4375,0.175,0.3879310344827586,0.06433759944655829,0.025,0.0125,0.175,0.0125,0.22852930335422042,0.0,0.0,0.0,0.0,0.0,0.018518518518518517,0.0
719,Old,1,0.10144927536231883,0.13624583487597186,0.042241184448462935,0.4891304347826087,0.17391304347826086,0.44827586206896547,0.06433759944655829,0.0,0.010869565217391304,0.06521739130434782,0.043478260869565216,0.2925175082934021,0.0,0.0,0.0,0.0,0.0,0.09259259259259259,0.0
3512,Crusader,1,0.12486064659977704,0.12524461839530338,0.055552989004896976,0.6460176991150443,0.17699115044247787,0.45689655172413796,0.09650639916983743,0.008849557522123894,0.008849557522123894,0.12389380530973451,0.035398230088495575,0.23995576852193143,0.0,0.0,0.0,0.0,0.0,0.07407407407407407,0.0
971,Svante,1,0.002229654403567447,0.0876712328767123,0.015822784810126583,0.3333333333333333,0.0,0.017241379310344827,0.0,0.0,0.0,0.0,0.0,0.0,0.0,0.0,0.0,0.0,0.0,0.0,0.0
3814,TLSG,1,0.06688963210702341,0.1020908435472242,0.0388231517152816,0.5573770491803278,0.21311475409836064,0.3017241379310345,0.03216879972327914,0.0,0.0,0.03278688524590164,0.01639344262295082,0.33517631158618993,0.0,0.0,0.0,0.0,0.0,0.037037037037037035,0.0
1986,someguy,0,0.008918617614269788,0.058447488584474905,0.05186357243319269,0.0,0.5555555555555556,0.0,0.05084745762711864,0.1111111111111111,0.0,0.2222222222222222,0.0,0.0,0.0,0.0,0.0,0.0,0.0,0.0,0.0
1962,gregonejeep,1,0.010033444816053512,0.10759651307596518,0.15562839059674502,0.4,0.1,0.07758620689655173,0.03216879972327914,0.0,0.2,0.4,0.1,0.36564688536675266,0.0,0.0,0.0,0.0,0.0,0.018518518518518517,0.0
1787,Conan,1,0.042363433667781496,0.2778612461334512,0.08043642546759872,0.6666666666666666,0.10256410256410256,0.27586206896551724,0.06433759944655829,0.0,0.0,0.1794871794871795,0.07692307692307693,0.4875291804890035,0.02564102564102564,0.375,0.0,0.0,0.0,0.07407407407407407,0.055555555555555546
705,NuYawka,1,0.041248606465997775,0.5959424310733484,0.030203493029963144,0.4473684210526316,0.15789473684210525,0.28448275862068967,0.06433759944655829,0.0,0.02631578947368421,0.10526315789473684,0.05263157894736842,0.9141172134168817,0.07894736842105263,0.5555555555555556,0.0,0.0,0.0,0.037037037037037035,0.11111111111111109
85,liberal_hack,0,0.015607580824972128,1.0,0.07622454595487066,0.13333333333333333,0.4,0.09817030260380014,0.1440677966101695,0.0,0.0,0.4666666666666667,0.06666666666666667,0.6601957652455257,0.13333333333333333,0.8246527777777778,0.0,0.0,0.0,0.1405895691609977,0.02927120669056153
3957,Old,1,0.002229654403567447,0.5072407045009785,0.03941311852704258,0.0,0.0,0.008620689655172414,0.0,0.0,0.0,0.6666666666666666,0.6666666666666666,0.31232338125076786,0.0,0.0,0.0,0.0,0.0,0.037037037037037035,0.0
3436,heyslick,1,0.1605351170568562,0.38052353180523535,0.0653873547217456,0.3724137931034483,0.06896551724137931,0.4655172413793104,0.09650639916983743,0.020689655172413793,0.04827586206896552,0.2689655172413793,0.15862068965517243,0.542185772207888,0.020689655172413793,0.6495098039215685,0.0,0.0,0.0,0.5,0.16666666666666663
52,gamewell45,0,0.016722408026755852,0.7817351598173516,0.03505500301386377,0.0625,0.1875,0.03272343420126671,0.06779661016949153,0.0625,0.0,0.25,0.0,0.0,0.375,0.5120192307692307,0.0,0.0,0.0,0.0,0.08781362007168457
3071,vonsigler,1,0.004459308807134894,0.10958904109589046,0.02531645569620253,0.6,0.0,0.02586206896551724,0.0,0.0,0.0,0.2,0.0,0.0,0.0,0.0,0.0,0.0,0.0,0.0,0.0
3935,Nicole,0,0.0,0.17534246575342471,0.2579113924050633,1.0,1.0,0.03272343420126671,0.00847457627118644,0.0,0.0,0.0,0.0,0.0,0.0,0.0,0.0,0.0,0.0,0.0,0.0
2495,pookie18,1,0.0,0.5917808219178082,0.0,1.0,0.0,0.017241379310344827,0.0,0.0,1.0,0.0,0.0,0.0,0.0,0.0,0.0,0.0,0.0,0.0,0.0
855,Hairball,1,0.004459308807134894,0.1315068493150685,0.12726039783001808,0.4,0.0,0.04310344827586207,0.03216879972327914,0.0,0.0,0.4,0.0,0.0,0.0,0.0,0.0,0.0,0.0,0.0,0.0
3932,gold,0,0.0011148272017837235,0.06575342465753425,0.03955696202531646,0.5,0.5,0.03272343420126671,0.01694915254237288,0.0,0.0,0.0,0.0,0.0,0.0,0.0,0.0,0.0,0.0,0.0,0.0
726,BTM,1,0.0011148272017837235,0.09863013698630141,0.013185654008438819,0.0,0.0,0.008620689655172414,0.0,0.0,0.0,0.0,0.0,0.0,0.0,0.0,0.0,0.0,0.0,0.0,0.0
3057,metalman,1,0.0011148272017837235,0.0876712328767123,0.07067510548523206,1.0,0.0,0.017241379310344827,0.0,0.0,0.0,0.0,0.0,0.0,0.0,0.0,0.0,0.0,0.0,0.0,0.0
2453,Jeannie,0,0.004459308807134894,0.7846575342465754,0.03450874020494274,0.0,0.0,0.06544686840253341,0.0,0.0,0.2,0.4,0.4,0.4753409509767785,0.4,0.4453125,0.0,0.0,0.0,0.1405895691609977,0.02927120669056153
3930,KHof,0,0.0,0.3287671232876712,0.2927215189873418,1.0,1.0,0.03272343420126671,0.02542372881355932,0.0,0.0,1.0,0.0,0.0,0.0,0.0,0.0,0.0,0.0,0.0,0.0
11,keymanjim,1,0.012263099219620958,0.1775342465753425,0.0481198808637379,0.5833333333333334,0.3333333333333333,0.16379310344827588,0.09650639916983743,0.08333333333333333,0.0,0.08333333333333333,0.08333333333333333,0.36564688536675266,0.0,0.0,0.0,0.0,0.0,0.018518518518518517,0.0
3368,Mr,1,0.0,0.263013698630137,0.015822784810126583,1.0,0.0,0.017241379310344827,0.0,0.0,0.0,0.0,0.0,0.0,0.0,0.0,0.0,0.0,0.0,0.0,0.0
3592,Abbey1,1,0.014492753623188404,0.20383561643835618,0.04919447640966628,0.2857142857142857,0.21428571428571427,0.1206896551724138,0.06433759944655829,0.0,0.0,0.07142857142857142,0.14285714285714285,0.25138223368964246,0.0,0.0,0.0,0.0,0.0,0.037037037037037035,0.0
199,hoytmonger,1,0.0,0.1315068493150685,0.0759493670886076,1.0,0.0,0.017241379310344827,0.0,0.0,0.0,0.0,0.0,0.0,0.0,0.0,0.0,0.0,0.0,0.0,0.0
3761,LadyMoonlight,1,0.002229654403567447,0.09863013698630141,0.17365506329113925,0.6666666666666666,0.3333333333333333,0.0603448275862069,0.03216879972327914,0.0,0.0,0.3333333333333333,0.0,0.0,0.0,0.0,0.0,0.0,0.0,0.0,0.0
3684,Stick,0,0.0,0.1315068493150685,0.1439873417721519,1.0,1.0,0.03272343420126671,0.00847457627118644,0.0,0.0,0.0,0.0,0.0,0.0,0.0,0.0,0.0,0.0,0.0,0.0
3881,Enderpotato0033,0,0.002229654403567447,0.2410958904109589,0.02088607594936709,0.6666666666666666,0.6666666666666666,0.03272343420126671,0.03389830508474576,0.3333333333333333,0.0,0.0,0.0,0.0,0.3333333333333333,0.20833333333333331,0.0,0.0,0.0,0.0,0.014635603345280765
3869,Forest,0,0.0011148272017837235,0.35068493150684943,0.014240506329113924,0.5,0.0,0.03272343420126671,0.0,0.0,0.5,0.0,0.0,0.0,0.5,0.20833333333333331,0.0,0.0,0.0,0.0,0.014635603345280765
3928,tom,1,0.00668896321070234,0.1315068493150685,0.06894213381555153,0.2857142857142857,0.14285714285714285,0.017241379310344827,0.03216879972327914,0.14285714285714285,0.0,0.2857142857142857,0.0,0.0,0.0,0.0,0.0,0.0,0.0,0.0,0.0
3762,midcan5,0,0.023411371237458192,0.1808219178082192,0.2686277330264672,0.045454545454545456,0.0,0.03272343420126671,0.0,0.09090909090909091,0.0,0.2727272727272727,0.0,0.0,0.0,0.0,0.0,0.0,0.0,0.0,0.0
3616,TPP,0,0.008918617614269788,0.6366127023661271,0.04155063291139241,0.0,0.0,0.09817030260380014,0.01694915254237288,0.0,0.0,0.5555555555555556,0.3333333333333333,0.6056026538886841,0.3333333333333333,0.47619047619047616,0.0,0.0,0.0,0.21088435374149658,0.043906810035842285
324,squidward,1,0.008918617614269788,0.3178082191780822,0.014767932489451477,0.1111111111111111,0.0,0.017241379310344827,0.0,0.0,0.0,0.1111111111111111,0.1111111111111111,0.36564688536675266,0.0,0.0,0.0,0.0,0.0,0.037037037037037035,0.0
3859,SOXES,1,0.002229654403567447,0.263013698630137,0.020253164556962026,0.6666666666666666,0.3333333333333333,0.05172413793103448,0.06433759944655829,0.0,0.0,0.6666666666666666,0.0,0.0,0.0,0.0,0.0,0.0,0.0,0.0,0.0
1000,bdtex,0,0.013377926421404682,0.4709780184772221,0.03268223483195111,0.07692307692307693,0.0,0.09817030260380014,0.00847457627118644,0.0,0.0,0.3076923076923077,0.07692307692307693,0.6094114756112544,0.07692307692307693,0.4534313725490196,0.0,0.0,0.0,0.07029478458049886,0.014635603345280765
3796,AirborneAllTheWay,0,0.0,0.1315068493150685,0.1281645569620253,1.0,1.0,0.03272343420126671,0.00847457627118644,0.0,0.0,0.0,0.0,0.0,0.0,0.0,0.0,0.0,0.0,0.0,0.0
1944,jimmyz,1,0.004459308807134894,0.06575342465753425,0.026265822784810128,0.4,0.0,0.017241379310344827,0.0,0.0,0.0,0.2,0.0,0.0,0.0,0.0,0.0,0.0,0.0,0.0,0.0
3843,Bluenami,0,0.002229654403567447,0.5858032378580323,0.2706064174271416,0.0,0.0,0.03272343420126671,0.0,0.3333333333333333,0.0,0.6666666666666666,0.3333333333333333,0.39611745914731533,0.6666666666666666,0.35256410256410253,0.0,0.0,0.0,0.07029478458049886,0.02927120669056153
3854,mak2,1,0.0011148272017837235,0.3123287671232877,0.04786392405063291,0.0,0.0,0.0,0.0,0.0,0.0,0.5,0.5,0.2742351640250645,0.0,0.0,0.0,0.0,0.0,0.037037037037037035,0.0
894,smartmouthwoman,1,0.0011148272017837235,0.06575342465753425,0.05933544303797468,1.0,0.0,0.04310344827586207,0.0,0.0,0.0,0.0,0.0,0.0,0.0,0.0,0.0,0.0,0.0,0.0,0.0
1297,Deno,1,0.0,0.0,0.08227848101265822,1.0,0.0,0.04310344827586207,0.0,0.0,0.0,0.0,0.0,0.0,0.0,0.0,0.0,0.0,0.0,0.0,0.0
1686,Southern,1,0.0,0.1315068493150685,0.29430379746835444,1.0,0.0,0.008620689655172414,0.0,0.0,0.0,1.0,0.0,0.0,0.0,0.0,0.0,0.0,0.0,0.0,0.0
3836,Tahuyaman,1,0.0,0.45429638854296384,0.041930379746835444,0.0,0.0,0.017241379310344827,0.0,0.0,0.0,1.0,1.0,0.36564688536675266,0.0,0.0,0.0,0.0,0.0,0.037037037037037035,0.0
3795,Polly,0,0.008918617614269788,0.15029354207436402,0.17433831990794016,0.0,0.1111111111111111,0.0,0.01694915254237288,0.0,0.0,0.1111111111111111,0.0,0.0,0.1111111111111111,0.25,0.0,0.0,0.0,0.0,0.014635603345280765
2643,Nutsplitter,1,0.0011148272017837235,0.0876712328767123,0.040348101265822785,0.5,0.0,0.02586206896551724,0.0,0.0,0.0,0.5,0.0,0.0,0.0,0.0,0.0,0.0,0.0,0.0,0.0
2632,Big,1,0.0011148272017837235,0.19726027397260276,0.011075949367088608,0.5,0.0,0.008620689655172414,0.0,0.0,0.0,0.0,0.0,0.0,0.0,0.0,0.0,0.0,0.0,0.0,0.0
3089,Hollybaere,0,0.0,0.3945205479452055,0.04430379746835443,0.0,1.0,0.0,0.00847457627118644,0.0,0.0,0.0,0.0,0.0,0.0,0.0,0.0,0.0,0.0,0.0,0.0
3800,Colt,1,0.0,0.17534246575342471,0.06645569620253164,0.0,0.0,0.008620689655172414,0.0,0.0,0.0,1.0,0.0,0.0,0.0,0.0,0.0,0.0,0.0,0.0,0.0
3787,CULTSMASHER,0,0.0,0.0,0.0490506329113924,1.0,0.0,0.03272343420126671,0.0,0.0,0.0,0.0,0.0,0.0,0.0,0.0,0.0,0.0,0.0,0.0,0.0
32,ptif219,1,0.0011148272017837235,0.06575342465753425,0.056962025316455694,0.0,0.0,0.0,0.0,0.0,0.0,0.5,0.0,0.0,0.0,0.0,0.0,0.0,0.0,0.0,0.0
3733,johnwk,0,0.0011148272017837235,0.6312328767123289,0.3265822784810127,0.5,0.0,0.03272343420126671,0.0,0.0,0.0,1.0,0.0,0.0,0.5,0.29166666666666663,0.0,0.0,0.0,0.0,0.014635603345280765
1022,Tom,0,0.0,0.263013698630137,0.0379746835443038,0.0,0.0,0.0,0.0,0.0,0.0,0.0,0.0,0.0,0.0,0.0,0.0,0.0,0.0,0.0,0.0
3076,jet57,0,0.004459308807134894,0.49315068493150693,0.03860759493670886,0.0,0.2,0.03272343420126671,0.00847457627118644,0.0,0.0,0.0,0.0,0.0,0.2,0.32638888888888884,0.0,0.0,0.0,0.0,0.014635603345280765
3706,trixare4kids,1,0.002229654403567447,0.4273972602739726,0.08227848101265822,0.6666666666666666,0.0,0.0603448275862069,0.0,0.0,0.0,0.0,0.0,0.0,0.0,0.0,0.0,0.0,0.0,0.0,0.0
1951,Fly,1,0.04793756967670011,0.46993442835811206,0.057622859270290386,0.045454545454545456,0.045454545454545456,0.10344827586206896,0.09650639916983743,0.0,0.022727272727272728,0.29545454545454547,0.2727272727272727,0.40490704773786235,0.09090909090909091,0.53125,0.0,0.0,0.0,0.4444444444444444,0.22222222222222218
3618,anna,0,0.03121516164994426,0.8243055024106529,0.11154605985219872,0.20689655172413793,0.034482758620689655,0.13089373680506683,0.02542372881355932,0.0,0.06896551724137931,0.6206896551724138,0.13793103448275862,0.7613927521508905,0.4827586206896552,0.8256666666666665,0.0,0.0,0.0,0.2811791383219954,0.17562724014336914
3449,Brn2bfree69,1,0.0033444816053511705,0.1315068493150685,0.056962025316455694,0.5,0.0,0.02586206896551724,0.0,0.0,0.0,0.25,0.0,0.0,0.0,0.0,0.0,0.0,0.0,0.0,0.0
1290,sooda,0,0.0568561872909699,0.4253606497757304,0.03723216179902411,0.09615384615384616,0.019230769230769232,0.13089373680506683,0.02542372881355932,0.019230769230769232,0.0,0.4230769230769231,0.1346153846153846,0.4148685814738155,0.34615384615384615,0.3218954248366013,0.0,0.0,0.0,0.21088435374149658,0.21953405017921143
161,Common,1,0.020066889632107024,0.1120243531202435,0.06507980187121629,0.7368421052631579,0.15789473684210525,0.25,0.06433759944655829,0.0,0.0,0.21052631578947367,0.05263157894736842,0.25138223368964246,0.0,0.0,0.0,0.0,0.0,0.018518518518518517,0.0
60,ELOrocks17,0,0.0,0.1315068493150685,0.0435126582278481,0.0,0.0,0.0,0.0,0.0,1.0,1.0,0.0,0.0,0.0,0.0,0.0,0.0,0.0,0.0,0.0
3159,coke,1,0.004459308807134894,0.0,0.19272151898734177,0.2,0.0,0.02586206896551724,0.0,0.0,0.2,0.4,0.0,0.0,0.0,0.0,0.0,0.0,0.0,0.0,0.0
3371,JimGorn,1,0.004459308807134894,0.263013698630137,0.043073136427566806,0.6,0.0,0.06896551724137931,0.0,0.0,0.0,0.2,0.0,0.0,0.0,0.0,0.0,0.0,0.0,0.0,0.0
3523,Zippo,1,0.0011148272017837235,0.0,0.049841772151898736,0.0,0.0,0.0,0.0,0.0,0.0,0.0,0.0,0.0,0.0,0.0,0.0,0.0,0.0,0.0,0.0
3613,Rory,1,0.03455964325529543,0.24234833659491195,0.06484045358649788,0.0625,0.0,0.017241379310344827,0.0,0.0625,0.0,0.21875,0.09375,0.3370807224474751,0.0625,0.2777777777777778,0.0,0.0,0.0,0.1111111111111111,0.11111111111111109
3365,Knight,0,0.0,0.3287671232876712,0.02373417721518987,0.0,0.0,0.0,0.0,0.0,1.0,0.0,0.0,0.0,1.0,0.3333333333333333,0.0,0.0,0.0,0.0,0.014635603345280765
186,Sig,1,0.0,0.263013698630137,0.14794303797468356,1.0,0.0,0.008620689655172414,0.0,0.0,0.0,0.0,0.0,0.0,0.0,0.0,0.0,0.0,0.0,0.0,0.0
3203,Yara,1,0.0,0.1315068493150685,0.028481012658227847,1.0,0.0,0.008620689655172414,0.0,0.0,0.0,0.0,0.0,0.0,0.0,0.0,0.0,0.0,0.0,0.0,0.0
2629,allegoricalfact,1,0.0011148272017837235,0.1315068493150685,0.02610759493670886,0.0,0.0,0.0,0.0,0.0,0.0,0.5,0.0,0.0,0.0,0.0,0.0,0.0,0.0,0.0,0.0
3617,Midguardian,1,0.016722408026755852,0.263013698630137,0.026446654611211574,0.3125,0.1875,0.08620689655172414,0.06433759944655829,0.0625,0.0,0.125,0.0,0.0,0.0,0.0,0.0,0.0,0.0,0.0,0.0
355,pragmatic,1,0.0,0.3945205479452055,0.08386075949367089,0.0,0.0,0.02586206896551724,0.0,0.0,0.0,1.0,0.0,0.0,0.0,0.0,0.0,0.0,0.0,0.0,0.0
1549,pinqy,0,0.0,0.0,0.012658227848101266,0.0,0.0,0.0,0.0,0.0,0.0,0.0,0.0,0.0,0.0,0.0,0.0,0.0,0.0,0.0,0.0
84,Shoey,0,0.0011148272017837235,0.06575342465753425,0.029272151898734177,0.5,1.0,0.03272343420126671,0.01694915254237288,0.0,0.0,0.0,0.0,0.0,0.0,0.0,0.0,0.0,0.0,0.0,0.0
362,Reverend_Hellh0und,0,0.0011148272017837235,0.1643835616438356,0.037183544303797465,0.5,0.5,0.03272343420126671,0.02542372881355932,0.0,0.0,0.0,0.0,0.0,0.0,0.0,0.0,0.0,0.0,0.0,0.0
3578,sryan,0,0.00668896321070234,0.3694716242661449,0.03131245836109261,0.2857142857142857,0.14285714285714285,0.03272343420126671,0.03389830508474576,0.0,0.0,0.2857142857142857,0.14285714285714285,0.22852930335422042,0.14285714285714285,0.20833333333333331,0.0,0.0,0.0,0.07029478458049886,0.014635603345280765
1037,Unik,0,0.0,0.3945205479452055,0.030063291139240507,1.0,0.0,0.03272343420126671,0.0,0.0,0.0,0.0,0.0,0.0,0.0,0.0,0.0,0.0,0.0,0.0,0.0
46,hoosier8,0,0.0,0.1315068493150685,0.04746835443037974,0.0,0.0,0.0,0.0,0.0,0.0,0.0,0.0,0.0,0.0,0.0,0.0,0.0,0.0,0.0,0.0
268,Silhouette,1,0.002229654403567447,0.09393346379647755,0.11166365280289331,0.0,0.0,0.017241379310344827,0.0,0.0,0.0,0.3333333333333333,0.0,0.0,0.0,0.0,0.0,0.0,0.0,0.0,0.0
